scenario,replication,bridge_id,bridge_name,road,condition,vulnerability_score,vuln_level,total_delay_min,breakdown_count,trucks_passed
S0,0,1727,Bridge Start,N105,D,6.0,Medium-High,0,0,989
S0,0,1728,Bridge end,N105,D,6.0,Medium-High,0,0,989
S0,0,1732,Bridge Start,N105,D,6.0,Medium-High,0,0,989
S0,0,1733,Bridge end,N105,D,6.0,Medium-High,0,0,989
S0,0,1736,Bridge Start,N105,D,6.0,Medium-High,0,0,989
S0,0,1737,Bridge end,N105,D,6.0,Medium-High,0,0,989
S0,0,1753,"km Post missing / Bridge Start, Kanchon Bridge",N105,Unknown,1.5,Low,0,0,3085
S0,0,1754,Bridge end,N105,D,6.0,Medium-High,0,0,3085
S0,0,1778,Bridge Start,N105,D,6.0,Medium-High,0,0,3087
S0,0,1779,Bridge end,N105,C,4.5,Medium-High,0,0,3087
S0,0,1786,"Gazipur 17 km, Tangail 75 km, Bangabandhu 98 km, / Bridge start",N105,Unknown,1.5,Low,0,0,3088
S0,0,1787,Bridge end,N105,D,6.0,Medium-High,0,0,3088
S0,0,1372,Bridge start,N102,D,6.4,High,0,0,1278
S0,0,1373,Bridge End,N102,D,6.4,High,0,0,1278
S0,0,1402,Bridge start,N102,D,6.4,High,0,0,1281
S0,0,1403,Bridge End,N102,D,6.4,High,0,0,1281
S0,0,1406,Bridge start,N102,D,6.0,Medium-High,0,0,1281
S0,0,1407,Bridge End,N102,D,6.4,High,0,0,1281
S0,0,1416,Bridge start,N102,D,6.0,Medium-High,0,0,1282
S0,0,1417,Bridge End,N102,D,6.0,Medium-High,0,0,1282
S0,0,1421,Bridge start,N102,D,6.0,Medium-High,0,0,1282
S0,0,1422,Bridge End,N102,C,4.5,Medium-High,0,0,1282
S0,0,1425,Bridge start,N102,D,6.0,Medium-High,0,0,1282
S0,0,1426,Bridge End,N102,D,6.0,Medium-High,0,0,1282
S0,0,1430,Bridge start,N102,D,6.0,Medium-High,0,0,1282
S0,0,1431,Bridge End,N102,C,4.5,Medium-High,0,0,1282
S0,0,1435,Bridge start,N102,D,6.0,Medium-High,0,0,1282
S0,0,1436,Bridge End,N102,D,6.0,Medium-High,0,0,1282
S0,0,1437,Bridge start,N102,D,6.0,Medium-High,0,0,1282
S0,0,1438,Bridge End,N102,C,4.5,Medium-High,0,0,1282
S0,0,1443,Bridge start,N102,D,6.0,Medium-High,0,0,1283
S0,0,1444,Bridge end,N102,C,4.5,Medium-High,0,0,1283
S0,0,1445,Bridge start,N102,C,4.5,Medium-High,0,0,1283
S0,0,1446,Bridge end,N102,A,1.5,Low,0,0,1283
S0,0,1449,Bridge start,N102,D,6.0,Medium-High,0,0,1283
S0,0,1450,Bridge End,N102,D,6.0,Medium-High,0,0,1283
S0,0,1451,Bridge start,N102,D,6.0,Medium-High,0,0,1283
S0,0,1452,Bridge End,N102,D,6.0,Medium-High,0,0,1283
S0,0,1454,Bridge start,N102,D,6.0,Medium-High,0,0,1283
S0,0,1455,Bridge End,N102,C,4.5,Medium-High,0,0,1283
S0,0,1459,Bridge start,N102,D,6.4,High,0,0,1283
S0,0,1460,Bridge End,N102,C,4.800000000000001,Medium-High,0,0,1283
S0,0,1463,Bridge start,N102,D,6.4,High,0,0,1283
S0,0,1464,Bridge End,N102,D,6.4,High,0,0,1283
S0,0,1467,Bridge start / Bridge End,N102,D,6.4,High,0,0,1283
S0,0,1476,Bridge start,N102,D,6.4,High,0,0,1284
S0,0,1477,Bridge End,N102,C,4.800000000000001,Medium-High,0,0,1284
S0,0,1478,Bridge start,N102,D,6.4,High,0,0,1284
S0,0,1479,Bridge End,N102,C,4.800000000000001,Medium-High,0,0,1284
S0,0,1483,Bridge start,N102,D,6.4,High,0,0,1284
S0,0,1484,Bridge End,N102,D,6.4,High,0,0,1284
S0,0,1490,Bridge start,N102,D,6.4,High,0,0,1285
S0,0,1491,Bridge End,N102,C,4.800000000000001,Medium-High,0,0,1285
S0,0,1494,Bridge start,N102,C,4.800000000000001,Medium-High,0,0,1285
S0,0,1495,Bridge End,N102,D,6.4,High,0,0,1285
S0,0,1499,Bridge start,N102,D,6.0,Medium-High,0,0,1284
S0,0,1500,Bridge End,N102,C,4.5,Medium-High,0,0,1284
S0,0,1502,Bridge start,N102,C,4.5,Medium-High,0,0,1284
S0,0,1503,Bridge end,N102,C,4.5,Medium-High,0,0,1284
S0,0,1506,Bridge start,N102,D,6.0,Medium-High,0,0,1285
S0,0,1507,Bridge End,N102,D,6.0,Medium-High,0,0,1285
S0,0,1511,Bridge start,N102,C,4.5,Medium-High,0,0,1285
S0,0,1512,Bridge End,N102,D,6.0,Medium-High,0,0,1285
S0,0,1515,Bridge start,N102,D,6.4,High,0,0,1285
S0,0,1516,Bridge End,N102,C,4.800000000000001,Medium-High,0,0,1285
S0,0,1519,Bridge start,N102,C,4.800000000000001,Medium-High,0,0,1285
S0,0,1520,Bridge End,N102,C,4.800000000000001,Medium-High,0,0,1285
S0,0,1521,Km post missing / Bridge start,N102,Unknown,1.5,Low,0,0,1285
S0,0,1522,Bridge End,N102,C,4.5,Medium-High,0,0,1285
S0,0,1529,Bridge start,N102,D,6.0,Medium-High,0,0,1286
S0,0,1530,Bridge End,N102,C,4.5,Medium-High,0,0,1286
S0,0,1533,Bridge start,N102,C,4.5,Medium-High,0,0,1286
S0,0,1534,Bridge End,N102,B,3.0,Medium-Low,0,0,1286
S0,0,1541,Start of Bridge,N102,B,3.0,Medium-Low,0,0,1286
S0,0,1543,End of Bridge,N102,B,3.0,Medium-Low,0,0,1287
S0,0,1547,Bridge start,N102,D,6.0,Medium-High,0,0,1287
S0,0,1548,Bridge End,N102,C,4.5,Medium-High,0,0,1287
S0,0,1554,Bridge Start,N102,C,4.5,Medium-High,0,0,1288
S0,0,1555,Bridge End,N102,C,4.5,Medium-High,0,0,1288
S0,0,1562,Bridge Start,N102,C,4.5,Medium-High,0,0,1288
S0,0,1563,Bridge End,N102,D,6.0,Medium-High,0,0,1288
S0,0,2349,Bridge start,N2,D,6.0,Medium-High,0,0,225
S0,0,2350,Bridge end,N2,D,6.0,Medium-High,0,0,225
S0,0,2365,Bridge start,N2,D,6.0,Medium-High,0,0,225
S0,0,2366,Bridge end,N2,D,6.0,Medium-High,0,0,225
S0,0,2376,Bridge start,N2,D,6.0,Medium-High,0,0,225
S0,0,2377,Bridge end,N2,D,6.0,Medium-High,0,0,225
S0,0,2409,Bridge start,N2,D,6.0,Medium-High,0,0,225
S0,0,2410,Bridge end,N2,D,6.0,Medium-High,0,0,225
S0,0,2425,Bridge start,N2,D,6.0,Medium-High,0,0,225
S0,0,2426,Bridge end,N2,C,4.5,Medium-High,0,0,225
S0,0,2428,Bridge start,N2,D,6.0,Medium-High,0,0,225
S0,0,2429,Bridge end,N2,D,6.0,Medium-High,0,0,225
S0,0,2455,Bridge start,N2,D,6.0,Medium-High,0,0,224
S0,0,2456,Bridge end,N2,D,6.0,Medium-High,0,0,224
S0,0,2482,Bridge start,N2,C,4.5,Medium-High,0,0,224
S0,0,2483,Bridge end,N2,D,6.0,Medium-High,0,0,224
S0,0,2489,Bridge start,N2,D,6.0,Medium-High,0,0,224
S0,0,2490,Bridge end,N2,C,4.5,Medium-High,0,0,224
S0,0,2491,Bridge start,N2,C,4.5,Medium-High,0,0,224
S0,0,2492,Bridge end,N2,A,1.5,Low,0,0,224
S0,0,2497,Bridge start,N2,C,4.5,Medium-High,0,0,224
S0,0,2498,Bridge end,N2,C,4.5,Medium-High,0,0,224
S0,0,2503,Bridge start,N2,D,6.0,Medium-High,0,0,224
S0,0,2504,Bridge end,N2,D,6.0,Medium-High,0,0,224
S0,0,2506,Bridge start,N2,D,6.0,Medium-High,0,0,224
S0,0,2507,Bridge end,N2,C,4.5,Medium-High,0,0,224
S0,0,2511,Bridge start,N2,B,3.0,Medium-Low,0,0,224
S0,0,2512,Bridge end,N2,Unknown,1.5,Low,0,0,224
S0,0,2517,Bridge start,N2,C,4.5,Medium-High,0,0,224
S0,0,2518,Bridge end,N2,B,3.0,Medium-Low,0,0,224
S0,0,2524,Bridge start,N2,D,6.0,Medium-High,0,0,224
S0,0,2525,Bridge end/ Start of Kishoreganj road Division / Bridge end/ Start of Kishoreganj road Division,N2,B,3.0,Medium-Low,0,0,224
S0,0,2527,Bridge start,N2,D,6.0,Medium-High,0,0,224
S0,0,2528,Bridge end,N2,C,4.5,Medium-High,0,0,224
S0,0,2536,Bhairab Bridge,N2,B,3.0,Medium-Low,0,0,224
S0,0,2538,Bridge end,N2,C,4.5,Medium-High,0,0,224
S0,0,2550,Bridge start,N2,D,6.0,Medium-High,0,0,224
S0,0,2551,Bridge end,N2,C,4.5,Medium-High,0,0,224
S0,0,2577,Bridge start,N2,A,1.5,Low,0,0,957
S0,0,2578,Bridge end,N2,A,1.5,Low,0,0,957
S0,0,2582,Bridge start,N2,B,3.0,Medium-Low,0,0,957
S0,0,2583,Bridge end,N2,A,1.5,Low,0,0,957
S0,0,2585,Bridge start,N2,D,6.0,Medium-High,0,0,957
S0,0,2586,Bridge end,N2,C,4.5,Medium-High,0,0,957
S0,0,2588,Bridge start,N2,C,4.5,Medium-High,0,0,957
S0,0,2589,Bridge end,N2,C,4.5,Medium-High,0,0,957
S0,0,2592,Bridge start,N2,C,4.5,Medium-High,0,0,957
S0,0,2593,Bridge end,N2,A,1.5,Low,0,0,957
S0,0,2597,Bridge start,N2,C,4.5,Medium-High,0,0,958
S0,0,2598,Bridge end,N2,C,4.5,Medium-High,0,0,958
S0,0,2599,Bridge start,N2,A,1.5,Low,0,0,958
S0,0,2600,Bridge end,N2,Unknown,1.5,Low,0,0,958
S0,0,2607,Bridge start,N2,A,1.5,Low,0,0,958
S0,0,2608,Bridge end,N2,Unknown,1.5,Low,0,0,958
S0,0,2610,Bridge start,N2,C,4.5,Medium-High,0,0,958
S0,0,2611,Bridge end,N2,C,4.5,Medium-High,0,0,958
S0,0,2613,Bridge start,N2,C,4.5,Medium-High,0,0,958
S0,0,2614,Bridge end,N2,D,6.0,Medium-High,0,0,958
S0,0,2618,Bridge start,N2,C,4.800000000000001,Medium-High,0,0,958
S0,0,2619,Bridge end,N2,Unknown,1.6,Low,0,0,958
S0,0,2636,Bridge start/ Start of Habiganj road Division / Bridge start/ Start of Habiganj road Division,N2,D,6.4,High,0,0,958
S0,0,2637,Bridge end,N2,C,4.800000000000001,Medium-High,0,0,958
S0,0,2641,Bridge start,N2,D,8.0,High,0,0,958
S0,0,2642,Bridge end,N2,B,4.0,Medium-Low,0,0,958
S0,0,2644,Bridge start,N2,B,4.0,Medium-Low,0,0,958
S0,0,2645,Bridge end,N2,C,6.0,Medium-High,0,0,958
S0,0,2649,Bridge start,N2,C,6.0,Medium-High,0,0,958
S0,0,2650,Bridge end,N2,D,8.0,High,0,0,958
S0,0,2652,Bridge start,N2,C,6.0,Medium-High,0,0,958
S0,0,2653,Bridge end,N2,B,4.0,Medium-Low,0,0,958
S0,0,2655,Bridge start,N2,C,6.0,Medium-High,0,0,958
S0,0,2656,Bridge end,N2,C,6.0,Medium-High,0,0,958
S0,0,2658,Bridge start,N2,C,6.0,Medium-High,0,0,958
S0,0,2659,Bridge end,N2,C,6.0,Medium-High,0,0,958
S0,0,2692,Bridge start,N2,A,2.0,Low,0,0,225
S0,0,2693,Bridge end,N2,Unknown,2.0,Low,0,0,225
S0,0,2730,Bridge start,N2,C,6.0,Medium-High,0,0,225
S0,0,2731,Bridge end,N2,A,2.0,Low,0,0,225
S0,0,2756,Bridge start,N2,Unknown,2.0,Low,0,0,814
S0,0,2757,Bridge end,N2,Unknown,2.0,Low,0,0,814
S0,0,2761,Bridge start,N2,A,2.0,Low,0,0,814
S0,0,2762,Bridge end,N2,A,2.0,Low,0,0,814
S0,0,2780,Bridge start,N2,C,6.0,Medium-High,0,0,224
S0,0,2781,Bridge end,N2,C,6.0,Medium-High,0,0,224
S0,0,2794,Bridge start,N2,B,4.0,Medium-Low,0,0,224
S0,0,2795,Bridge end,N2,Unknown,2.0,Low,0,0,224
S0,0,2800,Bridge start,N2,B,4.0,Medium-Low,0,0,224
S0,0,2801,Bridge end,N2,Unknown,2.0,Low,0,0,224
S0,0,2805,Bridge start,N2,B,4.0,Medium-Low,0,0,224
S0,0,2806,Bridge end,N2,A,2.0,Low,0,0,224
S0,0,2816,Bridge start,N2,A,1.0,Low,0,0,224
S0,0,2817,Bridge end,N2,C,3.0,Medium-Low,0,0,224
S0,0,2828,Bridge start,N2,B,2.0,Low,0,0,224
S0,0,2829,Bridge end,N2,A,1.0,Low,0,0,224
S0,0,2836,Bridge start,N2,Unknown,1.0,Low,0,0,224
S0,0,2837,Bridge end,N2,A,1.0,Low,0,0,224
S0,0,2840,Bridge start,N2,C,3.0,Medium-Low,0,0,224
S0,0,2841,Bridge end,N2,Unknown,1.0,Low,0,0,224
S0,0,2854,Bridge start,N2,Unknown,1.0,Low,0,0,224
S0,0,2855,Bridge end,N2,Unknown,1.0,Low,0,0,224
S0,0,2857,Bridge start,N2,D,4.0,Medium-Low,0,0,224
S0,0,2858,Bridge end,N2,Unknown,1.0,Low,0,0,224
S0,0,2869,Bridge start,N2,B,2.0,Low,0,0,224
S0,0,2870,Bridge end,N2,Unknown,1.0,Low,0,0,224
S0,0,2894,Bridge start,N2,A,1.6,Low,0,0,224
S0,0,2895,Bridge end,N2,C,4.800000000000001,Medium-High,0,0,224
S0,0,2913,Bridge start,N2,C,4.800000000000001,Medium-High,0,0,224
S0,0,2914,Bridge end,N2,Unknown,1.6,Low,0,0,224
S0,0,2916,Bridge start,N2,C,4.800000000000001,Medium-High,0,0,224
S0,0,2917,Bridge end,N2,A,1.6,Low,0,0,223
S0,0,2918,Bridge start,N2,Unknown,1.6,Low,0,0,223
S0,0,2919,Bridge end,N2,Unknown,1.6,Low,0,0,223
S0,0,2924,Bridge start,N2,A,1.6,Low,0,0,223
S0,0,2925,Bridge end,N2,Unknown,1.6,Low,0,0,223
S0,0,2927,Bridge start,N2,B,3.2,Medium-Low,0,0,223
S0,0,2928,Bridge end,N2,A,1.6,Low,0,0,223
S0,0,2931,Bridge start,N2,B,2.0,Low,0,0,223
S0,0,2932,Bridge end,N2,A,1.0,Low,0,0,223
S0,0,2934,Bridge start,N2,A,1.0,Low,0,0,223
S0,0,2935,Bridge end,N2,Unknown,1.0,Low,0,0,223
S0,0,2946,Bridge start,N2,C,4.800000000000001,Medium-High,0,0,224
S0,0,2947,Bridge end,N2,A,1.6,Low,0,0,224
S0,0,2957,Bridge start,N2,Unknown,1.6,Low,0,0,224
S0,0,2958,Bridge end,N2,Unknown,1.6,Low,0,0,224
S0,0,2960,Bridge start,N2,C,4.800000000000001,Medium-High,0,0,224
S0,0,2961,Bridge end,N2,D,6.4,High,0,0,224
S0,0,2965,Bridge start,N2,B,3.2,Medium-Low,0,0,225
S0,0,2966,Bridge end,N2,Unknown,1.6,Low,0,0,225
S0,0,2968,Bridge start,N2,A,1.6,Low,0,0,225
S0,0,2969,Bridge end,N2,Unknown,1.6,Low,0,0,225
S0,0,2974,Bridge start,N2,D,6.4,High,0,0,1384
S0,0,2975,Bridge end,N2,Unknown,1.6,Low,0,0,1384
S0,0,2978,Bridge start,N2,C,4.800000000000001,Medium-High,0,0,1384
S0,0,2979,Bridge end,N2,A,1.6,Low,0,0,1384
S0,0,2980,Bridge start,N2,Unknown,1.6,Low,0,0,1384
S0,0,2981,Bridge end,N2,Unknown,1.6,Low,0,0,1384
S0,0,2987,Bridge end,N2,A,1.6,Low,0,0,1385
S0,0,2989,Bridge start,N2,A,1.6,Low,0,0,1385
S0,0,2990,Bridge end,N2,A,1.6,Low,0,0,1385
S0,0,2993,Bridge start,N2,A,1.6,Low,0,0,1385
S0,0,2994,Bridge end,N2,A,1.6,Low,0,0,1385
S0,0,2997,Bridge start,N2,A,1.6,Low,0,0,1385
S0,0,2998,Bridge end,N2,Unknown,1.6,Low,0,0,1385
S0,0,3045,Bridge start,N2,A,1.6,Low,0,0,1388
S0,0,3046,Bridge end,N2,D,6.4,High,0,0,1388
S0,0,3057,Bridge start,N2,Unknown,1.6,Low,0,0,1388
S0,0,3058,Bridge end,N2,Unknown,1.6,Low,0,0,1389
S0,0,3069,Bridge start,N2,B,3.2,Medium-Low,0,0,1389
S0,0,3070,Bridge end,N2,A,1.6,Low,0,0,1389
S0,0,3074,Bridge start,N2,Unknown,1.6,Low,0,0,1389
S0,0,3075,Bridge end,N2,B,3.2,Medium-Low,0,0,1389
S0,0,3097,Bridge start,N2,A,2.0,Low,0,0,1390
S0,0,3098,Bridge end,N2,A,2.0,Low,0,0,1390
S0,0,3100,Bridge start,N2,C,6.0,Medium-High,0,0,1390
S0,0,3101,Bridge end,N2,Unknown,2.0,Low,0,0,1390
S0,0,3109,Bridge start,N2,C,6.0,Medium-High,0,0,1391
S0,0,3110,Bridge end,N2,A,2.0,Low,0,0,1391
S0,0,3115,Bridge start,N2,C,6.0,Medium-High,0,0,1391
S0,0,3116,Bridge end,N2,C,6.0,Medium-High,0,0,1391
S0,0,3122,Bridge start,N2,C,3.0,Medium-Low,0,0,1391
S0,0,3123,Bridge end,N2,A,1.0,Low,0,0,1391
S0,0,3137,Bridge start,N2,A,1.0,Low,0,0,1393
S0,0,3138,Bridge end,N2,Unknown,1.0,Low,0,0,1393
S0,0,3140,Bridge start,N2,B,3.2,Medium-Low,0,0,1393
S0,0,3141,Bridge end,N2,Unknown,1.6,Low,0,0,1393
S0,0,3144,Bridge start,N2,B,3.2,Medium-Low,0,0,1393
S0,0,3145,Bridge end,N2,Unknown,1.6,Low,0,0,1393
S0,0,3148,Bridge start,N2,C,4.800000000000001,Medium-High,0,0,1394
S0,0,3149,Bridge end,N2,Unknown,1.6,Low,0,0,1394
S0,0,3151,Bridge start,N2,B,3.2,Medium-Low,0,0,1394
S0,0,3152,Bridge end,N2,A,1.6,Low,0,0,1394
S0,0,3163,Bridge start,N2,B,3.2,Medium-Low,0,0,1395
S0,0,3164,Bridge end,N2,Unknown,1.6,Low,0,0,1395
S0,0,3167,Bridge start,N2,D,6.4,High,0,0,1394
S0,0,3168,Bridge end,N2,A,1.6,Low,0,0,1394
S0,0,3171,Bridge start,N2,B,3.2,Medium-Low,0,0,1394
S0,0,3172,Bridge end,N2,A,1.6,Low,0,0,1394
S0,0,3174,Bridge start,N2,B,3.2,Medium-Low,0,0,1394
S0,0,3175,Bridge end,N2,Unknown,1.6,Low,0,0,1394
S0,0,3178,Bridge start,N2,B,2.0,Low,0,0,1395
S0,0,3179,Bridge end,N2,B,2.0,Low,0,0,1395
S0,0,3181,Bridge start,N2,A,1.0,Low,0,0,1395
S0,0,3182,Bridge end,N2,Unknown,1.0,Low,0,0,1395
S0,0,3183,Bridge start,N2,A,1.0,Low,0,0,1395
S0,0,3184,Bridge end,N2,Unknown,1.0,Low,0,0,1395
S0,0,3186,Bridge start,N2,A,1.0,Low,0,0,1395
S0,0,3187,Bridge end,N2,Unknown,1.0,Low,0,0,1395
S0,0,3189,Bridge start,N2,D,8.0,High,0,0,1395
S0,0,3190,Bridge end,N2,Unknown,2.0,Low,0,0,1395
S0,0,3192,Bridge start,N2,B,4.0,Medium-Low,0,0,1395
S0,0,3193,Bridge end,N2,Unknown,2.0,Low,0,0,1395
S0,0,3195,Bridge start,N2,A,2.0,Low,0,0,1395
S0,0,3196,Bridge end,N2,Unknown,2.0,Low,0,0,1395
S0,0,3197,Bridge start,N2,A,2.0,Low,0,0,1395
S0,0,3198,Bridge end,N2,Unknown,2.0,Low,0,0,1395
S0,0,3199,Bridge start,N2,C,6.0,Medium-High,0,0,1395
S0,0,3200,Bridge end,N2,Unknown,2.0,Low,0,0,1395
S0,0,3202,Bridge start,N2,A,2.0,Low,0,0,1395
S0,0,3203,Bridge end,N2,Unknown,2.0,Low,0,0,1395
S0,0,3205,Bridge start,N2,B,4.0,Medium-Low,0,0,1395
S0,0,3206,Bridge end,N2,Unknown,2.0,Low,0,0,1395
S0,0,3211,Bridge start,N2,A,1.0,Low,0,0,1396
S0,0,3212,Bridge end,N2,A,1.0,Low,0,0,1396
S0,0,3214,Bridge start,N2,A,1.0,Low,0,0,1396
S0,0,3215,Bridge end,N2,Unknown,1.0,Low,0,0,1396
S0,0,3228,Bridge start,N2,A,1.0,Low,0,0,1397
S0,0,3229,Bridge end,N2,Unknown,1.0,Low,0,0,1397
S0,0,3348,Bridge Start,N207,D,8.0,High,0,0,608
S0,0,3349,Bridge end,N207,D,8.0,High,0,0,608
S0,0,3351,Bridge start,N207,D,8.0,High,0,0,608
S0,0,3352,Bridge end,N207,D,8.0,High,0,0,608
S0,0,3354,Bridge start,N207,D,8.0,High,0,0,608
S0,0,3355,Bridge end,N207,D,8.0,High,0,0,608
S0,0,3358,Bridge start,N207,D,8.0,High,0,0,608
S0,0,3359,Bridge end,N207,D,8.0,High,0,0,608
S0,0,3386,Bridge start,N207,D,6.4,High,0,0,610
S0,0,3387,Bridge end,N207,D,6.4,High,0,0,610
S0,0,3390,Bridge start,N207,D,6.4,High,0,0,610
S0,0,3391,Bridge end,N207,D,6.4,High,0,0,610
S0,0,3398,Bridge start,N207,D,6.4,High,0,0,610
S0,0,3399,Bridge end,N207,D,6.4,High,0,0,610
S0,0,3415,Bridge start,N207,D,6.4,High,0,0,610
S0,0,3416,Bridge end,N207,D,6.4,High,0,0,610
S0,0,3462,Bridge start,N207,C,4.800000000000001,Medium-High,0,0,612
S0,0,3463,Bridge end,N207,D,6.4,High,0,0,612
S0,0,3485,Bridge start,N207,C,4.800000000000001,Medium-High,0,0,613
S0,0,3486,Bridge end,N207,C,4.800000000000001,Medium-High,0,0,613
S0,0,3495,Bridge start,N207,A,1.6,Low,0,0,614
S0,0,3496,Bridge end,N207,C,4.800000000000001,Medium-High,0,0,614
S0,0,3500,Bridge start,N207,D,6.4,High,0,0,614
S0,0,3501,Bridge end,N207,C,4.800000000000001,Medium-High,0,0,614
S0,0,3503,Bridge start,N207,C,4.800000000000001,Medium-High,0,0,614
S0,0,3504,Bridge end,N207,C,4.800000000000001,Medium-High,0,0,614
S0,0,1602,Bridge start,N104,D,6.4,High,0,0,1253
S0,0,1603,Bridge end,N104,D,6.4,High,0,0,1253
S0,0,1610,Bridge start,N104,D,6.4,High,0,0,1253
S0,0,1611,Bridge end,N104,D,6.4,High,0,0,1253
S0,0,1633,Bridge start,N104,D,8.0,High,0,0,1255
S0,0,1634,Bridge end,N104,D,8.0,High,0,0,1255
S0,0,1657,Bridge start,N104,D,8.0,High,0,0,1258
S0,0,1658,Bridge end,N104,C,6.0,Medium-High,0,0,1258
S0,0,1663,Bridge start,N104,D,8.0,High,0,0,1258
S0,0,1664,Bridge end,N104,C,6.0,Medium-High,0,0,1258
S0,0,1673,Bridge start,N104,D,8.0,High,0,0,1258
S0,0,1674,Bridge end,N104,D,8.0,High,0,0,1258
S0,0,1685,Bridge start,N104,D,8.0,High,0,0,1259
S0,0,1686,Bridge end,N104,C,6.0,Medium-High,0,0,1259
S0,0,1690,Bridge start,N104,D,8.0,High,0,0,1259
S0,0,1691,Bridge end,N104,C,6.0,Medium-High,0,0,1259
S0,0,1702,Bridge start,N104,C,6.0,Medium-High,0,0,1260
S0,0,1703,Bridge end,N104,C,6.0,Medium-High,0,0,1260
S0,0,3240,Bridge start,N204,D,8.0,High,0,0,600
S0,0,3241,Bridge end,N204,D,8.0,High,0,0,600
S0,0,3256,Bridge start,N204,D,4.0,Medium-Low,0,0,601
S0,0,3257,Bridge end,N204,D,4.0,Medium-Low,0,0,601
S0,0,3278,Bridge start,N204,D,4.0,Medium-Low,0,0,602
S0,0,3279,Bridge end,N204,D,4.0,Medium-Low,0,0,602
S0,0,3283,Bridge start,N204,D,4.0,Medium-Low,0,0,602
S0,0,3284,Bridge end,N204,D,4.0,Medium-Low,0,0,602
S0,0,3285,Bridge start,N204,D,4.0,Medium-Low,0,0,602
S0,0,3286,Bridge end,N204,D,4.0,Medium-Low,0,0,602
S0,0,3296,Bridge start,N204,D,8.0,High,0,0,602
S0,0,3297,Bridge end,N204,D,8.0,High,0,0,602
S0,0,3320,Bridge start,N204,D,8.0,High,0,0,603
S0,0,3321,Bridge end,N204,D,8.0,High,0,0,603
S0,0,14,Kachpur bridge,N1,D,6.0,Medium-High,0,0,3375
S0,0,15,Bridge end,N1,D,6.0,Medium-High,0,0,3375
S0,0,26,Bridge start,N1,D,6.0,Medium-High,0,0,4818
S0,0,27,Bridge end,N1,D,6.0,Medium-High,0,0,4818
S0,0,36,Langalbandhu bridge,N1,D,6.0,Medium-High,0,0,5687
S0,0,37,Bridge end,N1,D,6.0,Medium-High,0,0,5687
S0,0,39,Bridge start,N1,D,6.0,Medium-High,0,0,5687
S0,0,40,Bridge end,N1,D,6.0,Medium-High,0,0,5687
S0,0,41,Bridge start,N1,D,6.0,Medium-High,0,0,5687
S0,0,42,Bridge end,N1,D,6.0,Medium-High,0,0,5687
S0,0,44,Bridge start,N1,D,6.0,Medium-High,0,0,5687
S0,0,45,Bridge end,N1,D,6.0,Medium-High,0,0,5687
S0,0,51,Bridge start,N1,D,6.0,Medium-High,0,0,5685
S0,0,52,Bridge end,N1,D,6.0,Medium-High,0,0,5685
S0,0,56,Bridge start,N1,D,6.0,Medium-High,0,0,5685
S0,0,57,Bridge end,N1,D,6.4,High,0,0,5685
S0,0,58,Bridge start,N1,C,4.800000000000001,Medium-High,0,0,5685
S0,0,59,Bridge end,N1,B,3.0,Medium-Low,0,0,5685
S0,0,61,Meghna  bridge,N1,D,6.0,Medium-High,0,0,5686
S0,0,63,Bridge end,N1,D,6.4,High,0,0,5686
S0,0,69,Bridge start,N1,D,6.4,High,0,0,5684
S0,0,71,Bridge end,N1,D,6.0,Medium-High,0,0,5684
S0,0,72,Bridge start,N1,D,6.4,High,0,0,5684
S0,0,73,Bridge end,N1,D,6.4,High,0,0,5684
S0,0,75,Bridge start,N1,D,6.4,High,0,0,5684
S0,0,76,Bridge end,N1,D,6.4,High,0,0,5684
S0,0,78,Bridge start,N1,D,6.4,High,0,0,5683
S0,0,79,Bridge end,N1,D,6.4,High,0,0,5683
S0,0,80,Bridge start,N1,C,4.800000000000001,Medium-High,0,0,5683
S0,0,81,Bridge end,N1,C,4.800000000000001,Medium-High,0,0,5683
S0,0,84,Bridge start,N1,D,6.4,High,0,0,5683
S0,0,85,Bridge end,N1,D,6.4,High,0,0,5683
S0,0,89,Bridge start,N1,D,6.4,High,0,0,5683
S0,0,90,Bridge end,N1,D,6.4,High,0,0,5683
S0,0,94,Bridge start,N1,D,6.4,High,0,0,5682
S0,0,95,Bridge end,N1,C,4.800000000000001,Medium-High,0,0,5682
S0,0,98,Daudkandi bridge,N1,D,6.4,High,0,0,5681
S0,0,101,Daudkandi bridge,N1,D,6.0,Medium-High,0,0,5681
S0,0,104,Bridge start,N1,D,6.4,High,0,0,5681
S0,0,105,Bridge end,N1,C,4.800000000000001,Medium-High,0,0,5681
S0,0,111,Bridge start,N1,D,6.4,High,0,0,5680
S0,0,112,Bridge end,N1,C,4.800000000000001,Medium-High,0,0,5680
S0,0,124,Bridge start,N1,C,4.800000000000001,Medium-High,0,0,5680
S0,0,125,Bridge end,N1,C,4.800000000000001,Medium-High,0,0,5680
S0,0,128,Bridge start,N1,D,6.4,High,0,0,5680
S0,0,129,Bridge end,N1,C,4.800000000000001,Medium-High,0,0,5680
S0,0,137,Bridge start,N1,C,4.800000000000001,Medium-High,0,0,5678
S0,0,138,Bridge end,N1,C,4.800000000000001,Medium-High,0,0,5678
S0,0,165,Bridge start,N1,C,4.800000000000001,Medium-High,0,0,5681
S0,0,166,Bridge end,N1,B,3.2,Medium-Low,0,0,5681
S0,0,193,Bridge start,N1,B,4.0,Medium-Low,0,0,4494
S0,0,194,Bridge end,N1,A,2.0,Low,0,0,4494
S0,0,200,Bridge start,N1,C,6.0,Medium-High,0,0,4495
S0,0,201,Bridge end,N1,B,4.0,Medium-Low,0,0,4495
S0,0,206,Bridge start,N1,D,8.0,High,0,0,4495
S0,0,207,Bridge end,N1,C,6.0,Medium-High,0,0,4495
S0,0,213,Bridge start,N1,C,6.0,Medium-High,0,0,4496
S0,0,214,Bridge end,N1,D,8.0,High,0,0,4496
S0,0,221,Bridge start,N1,C,6.0,Medium-High,0,0,4497
S0,0,222,Bridge end,N1,Unknown,2.0,Low,0,0,4497
S0,0,227,Bridge start,N1,D,8.0,High,0,0,4497
S0,0,228,Bridge end,N1,A,2.0,Low,0,0,4497
S0,0,233,Bridge start,N1,D,8.0,High,0,0,4499
S0,0,234,Bridge end,N1,C,6.0,Medium-High,0,0,4499
S0,0,238,Bridge start,N1,D,6.4,High,0,0,4499
S0,0,239,Bridge end,N1,B,3.2,Medium-Low,0,0,4499
S0,0,241,Bridge start,N1,B,3.2,Medium-Low,0,0,4499
S0,0,242,Bridge end,N1,C,4.800000000000001,Medium-High,0,0,4499
S0,0,247,Bridge start,N1,C,6.0,Medium-High,0,0,4500
S0,0,248,Bridge end,N1,D,8.0,High,0,0,4500
S0,0,262,Bridge start,N1,C,4.800000000000001,Medium-High,0,0,4500
S0,0,263,Bridge end,N1,A,1.6,Low,0,0,4500
S0,0,281,Bridge start,N1,C,6.0,Medium-High,0,0,4502
S0,0,282,Bridge end,N1,B,4.0,Medium-Low,0,0,4502
S0,0,286,Bridge start,N1,D,6.0,Medium-High,0,0,4503
S0,0,287,Bridge end,N1,B,3.0,Medium-Low,0,0,4503
S0,0,313,Bridge start,N1,A,1.5,Low,0,0,4506
S0,0,314,Bridge end,N1,Unknown,1.5,Low,0,0,4506
S0,0,338,Bridge start,N1,A,1.5,Low,0,0,3251
S0,0,339,Bridge end,N1,A,1.5,Low,0,0,3251
S0,0,347,Bridge start,N1,B,3.0,Medium-Low,0,0,3253
S0,0,348,Bridge end,N1,Unknown,1.5,Low,0,0,3253
S0,0,357,Bridge start,N1,B,4.0,Medium-Low,0,0,3251
S0,0,358,Bridge end,N1,A,2.0,Low,0,0,3251
S0,0,365,Bridge start,N1,D,8.0,High,0,0,3252
S0,0,366,Bridge end/Start of Chittagong Road Division / Bridge end/Start of Chittagong Road Division,N1,Unknown,2.0,Low,0,0,3252
S0,0,387,Bridge start,N1,C,4.5,Medium-High,0,0,3254
S0,0,388,Bridge end,N1,C,4.5,Medium-High,0,0,3254
S0,0,406,Bridge start,N1,C,4.800000000000001,Medium-High,0,0,3255
S0,0,408,Bridge end,N1,C,4.800000000000001,Medium-High,0,0,3255
S0,0,417,Bridge start,N1,C,4.800000000000001,Medium-High,0,0,3257
S0,0,418,Bridge end,N1,D,6.4,High,0,0,3257
S0,0,466,Bridge start,N1,Unknown,1.6,Low,0,0,3263
S0,0,467,Bridge end / Box culvert,N1,Unknown,1.6,Low,0,0,3263
S0,0,482,Bridge start,N1,B,3.2,Medium-Low,0,0,3262
S0,0,483,Bridge end,N1,Unknown,1.6,Low,0,0,3262
S0,0,487,Bridge start,N1,A,1.6,Low,0,0,3263
S0,0,488,Bridge end,N1,A,1.6,Low,0,0,3263
S0,0,491,Bridge start,N1,A,1.6,Low,0,0,3263
S0,0,492,Bridge end,N1,A,1.6,Low,0,0,3263
S0,0,496,Bridge start,N1,A,1.6,Low,0,0,3264
S0,0,497,Bridge end,N1,A,1.6,Low,0,0,3264
S0,0,503,Bridge start,N1,A,1.6,Low,0,0,3264
S0,0,504,Bridge end,N1,A,1.6,Low,0,0,3264
S0,0,506,Bridge start,N1,C,4.800000000000001,Medium-High,0,0,3264
S0,0,507,Bridge end,N1,Unknown,1.6,Low,0,0,3264
S0,0,509,Bridge start,N1,Unknown,1.6,Low,0,0,3264
S0,0,510,Bridge end,N1,Unknown,1.6,Low,0,0,3264
S0,0,512,Bridge start,N1,A,1.6,Low,0,0,3264
S0,0,513,Bridge end,N1,A,1.6,Low,0,0,3264
S0,0,514,Bridge start,N1,Unknown,1.6,Low,0,0,3264
S0,0,515,Bridge end,N1,Unknown,1.6,Low,0,0,3264
S0,0,518,Bridge start,N1,B,3.2,Medium-Low,0,0,3265
S0,0,519,Bridge end,N1,A,1.6,Low,0,0,3265
S0,0,524,Bridge start,N1,A,1.6,Low,0,0,3265
S0,0,525,Bridge end,N1,A,1.6,Low,0,0,3265
S0,0,530,Bridge start,N1,A,1.6,Low,0,0,3266
S0,0,531,Bridge end,N1,C,4.800000000000001,Medium-High,0,0,3266
S0,0,534,Bridge start,N1,A,1.6,Low,0,0,3267
S0,0,535,Bridge end,N1,A,1.6,Low,0,0,3267
S0,0,538,Bridge start,N1,Unknown,1.6,Low,0,0,3268
S0,0,539,Bridge end,N1,C,4.800000000000001,Medium-High,0,0,3268
S0,0,542,Bridge start,N1,A,1.6,Low,0,0,3268
S0,0,543,Bridge end,N1,Unknown,1.6,Low,0,0,3268
S0,0,550,Bridge start,N1,A,1.5,Low,0,0,3268
S0,0,551,Bridge end,N1,A,1.5,Low,0,0,3268
S0,0,555,Bridge start,N1,Unknown,1.5,Low,0,0,3269
S0,0,556,Bridge end,N1,Unknown,1.5,Low,0,0,3269
S0,0,560,Bridge start,N1,A,1.5,Low,0,0,3269
S0,0,561,Bridge end,N1,B,3.0,Medium-Low,0,0,3269
S0,0,569,Bridge start,N1,C,4.5,Medium-High,0,0,3273
S0,0,570,Bridge end,N1,A,1.5,Low,0,0,3273
S0,0,572,Bridge start,N1,C,4.800000000000001,Medium-High,0,0,3273
S0,0,573,Bridge end,N1,A,1.6,Low,0,0,3273
S0,0,575,Bridge start,N1,B,3.2,Medium-Low,0,0,3273
S0,0,576,Bridge end,N1,A,1.6,Low,0,0,3273
S0,0,577,Bridge start,N1,A,1.6,Low,0,0,3273
S0,0,578,Bridge end,N1,Unknown,1.6,Low,0,0,3273
S0,0,580,Shah Amanath (Karnaphuli) Bridge,N1,B,3.2,Medium-Low,0,0,3274
S0,0,582,Bridge end,N1,A,1.6,Low,0,0,3274
S0,0,583,Bridge start,N1,Unknown,1.6,Low,0,0,3274
S0,0,584,Bridge end,N1,Unknown,1.6,Low,0,0,3274
S0,0,598,Bridge start,N1,Unknown,1.6,Low,0,0,3274
S0,0,600,Bridge end,N1,B,3.2,Medium-Low,0,0,3274
S0,0,622,Bridge start,N1,D,6.4,High,0,0,3277
S0,0,623,Bridge end,N1,A,1.6,Low,0,0,3277
S0,0,633,Bridge start,N1,B,3.2,Medium-Low,0,0,3277
S0,0,634,Bridge end,N1,B,3.2,Medium-Low,0,0,3277
S0,0,642,Bridge start,N1,D,6.0,Medium-High,0,0,3278
S0,0,643,Bridge end,N1,Unknown,1.5,Low,0,0,3278
S0,0,655,Bridge start,N1,Unknown,1.5,Low,0,0,3280
S0,0,656,Bridge end,N1,Unknown,1.5,Low,0,0,3280
S0,0,658,Bridge start,N1,A,1.5,Low,0,0,3279
S0,0,659,Bridge end,N1,A,1.5,Low,0,0,3279
S0,0,665,Bridge start,N1,C,4.5,Medium-High,0,0,3280
S0,0,666,Bridge end,N1,Unknown,1.5,Low,0,0,3280
S0,0,667,Bridge start,N1,B,3.0,Medium-Low,0,0,3280
S0,0,668,Bridge end,N1,Unknown,1.5,Low,0,0,3280
S0,0,678,Bridge start,N1,C,4.800000000000001,Medium-High,0,0,3280
S0,0,679,Bridge end,N1,A,1.6,Low,0,0,3280
S0,0,681,Bridge start,N1,A,1.6,Low,0,0,3280
S0,0,682,Bridge end,N1,Unknown,1.6,Low,0,0,3280
S0,0,688,Bridge start,N1,Unknown,1.5,Low,0,0,3281
S0,0,689,Bridge end,N1,Unknown,1.5,Low,0,0,3281
S0,0,690,Bridge start,N1,Unknown,1.5,Low,0,0,3281
S0,0,691,Bridge end,N1,Unknown,1.5,Low,0,0,3281
S0,0,709,Bridge start,N1,A,1.5,Low,0,0,3283
S0,0,710,Bridge end,N1,Unknown,1.5,Low,0,0,3283
S0,0,712,Bridge start,N1,A,1.5,Low,0,0,3283
S0,0,713,Bridge end,N1,Unknown,1.5,Low,0,0,3283
S0,0,726,Bridge start,N1,Unknown,1.5,Low,0,0,3285
S0,0,728,Bridge end,N1,A,1.5,Low,0,0,3285
S0,0,739,Bridge start,N1,Unknown,1.5,Low,0,0,3286
S0,0,740,Bridge end,N1,Unknown,1.5,Low,0,0,3286
S0,0,743,Bridge start,N1,A,1.5,Low,0,0,3286
S0,0,744,Bridge end,N1,Unknown,1.5,Low,0,0,3286
S0,0,746,Bridge start,N1,A,1.5,Low,0,0,3286
S0,0,747,Bridge end,N1,A,1.5,Low,0,0,3286
S0,0,755,Bridge start,N1,A,1.6,Low,0,0,3287
S0,0,756,Bridge end,N1,A,1.6,Low,0,0,3287
S0,0,760,Bridge start,N1,Unknown,1.6,Low,0,0,3288
S0,0,761,Bridge end,N1,Unknown,1.6,Low,0,0,3288
S0,0,788,Bridge start,N1,A,1.5,Low,0,0,3291
S0,0,789,Bridge end,N1,A,1.5,Low,0,0,3291
S0,0,800,Bridge start,N1,A,1.5,Low,0,0,3293
S0,0,801,Bridge end,N1,Unknown,1.5,Low,0,0,3293
S0,0,807,Bridge start,N1,Unknown,1.6,Low,0,0,3294
S0,0,808,Bridge end,N1,Unknown,1.6,Low,0,0,3294
S0,0,821,Bridge start,N1,A,1.6,Low,0,0,3294
S0,0,822,Bridge end,N1,A,1.6,Low,0,0,3295
S0,0,832,Bridge start,N1,Unknown,1.5,Low,0,0,3295
S0,0,833,Bridge end,N1,Unknown,1.5,Low,0,0,3295
S0,0,846,Bridge start,N1,A,1.5,Low,0,0,3296
S0,0,847,Bridge end,N1,A,1.5,Low,0,0,3296
S0,0,853,Bridge start,N1,A,1.5,Low,0,0,3297
S0,0,854,Bridge end,N1,C,4.5,Medium-High,0,0,3297
S0,0,856,Bridge start,N1,A,1.5,Low,0,0,3297
S0,0,857,Bridge end,N1,A,1.5,Low,0,0,3297
S0,0,858,Box culvert,N1,Unknown,1.5,Low,0,0,3297
S0,0,865,Bridge start,N1,A,1.6,Low,0,0,3299
S0,0,866,Bridge end,N1,Unknown,1.6,Low,0,0,3299
S0,0,888,Bridge start,N1,B,3.0,Medium-Low,0,0,3300
S0,0,889,Bridge end,N1,Unknown,1.5,Low,0,0,3300
S0,0,890,Bridge start,N1,Unknown,1.6,Low,0,0,3300
S0,0,891,Bridge end,N1,Unknown,1.6,Low,0,0,3300
S0,0,897,Bridge start,N1,Unknown,1.6,Low,0,0,3301
S0,0,898,Bridge end,N1,Unknown,1.6,Low,0,0,3301
S0,0,917,Bridge start,N1,A,1.6,Low,0,0,3300
S0,0,918,Bridge end,N1,A,1.6,Low,0,0,3300
S0,0,927,Bridge start,N1,Unknown,1.5,Low,0,0,3301
S0,0,928,Bridge end,N1,C,4.5,Medium-High,0,0,3301
S0,0,938,Bridge start,N1,C,4.800000000000001,Medium-High,0,0,3301
S0,0,939,Bridge end,N1,B,3.2,Medium-Low,0,0,3302
S0,0,953,Bridge start,N1,A,1.6,Low,0,0,3303
S0,0,954,Bridge end,N1,C,4.800000000000001,Medium-High,0,0,3303
S0,0,960,Bridge start,N1,B,3.2,Medium-Low,0,0,3303
S0,0,961,Bridge end,N1,C,4.800000000000001,Medium-High,0,0,3303
S0,0,977,Bridge start,N1,C,4.800000000000001,Medium-High,0,0,3303
S0,0,978,Bridge end,N1,A,1.6,Low,0,0,3303
S0,0,991,Bridge start,N1,Unknown,1.6,Low,0,0,3305
S0,0,992,Bridge end,N1,Unknown,1.6,Low,0,0,3305
S0,0,996,Bridge start,N1,Unknown,1.6,Low,0,0,3304
S0,0,997,Bridge end,N1,C,4.800000000000001,Medium-High,0,0,3304
S0,0,1033,Bridge start,N1,A,1.5,Low,0,0,3305
S0,0,1034,Bridge end,N1,Unknown,1.5,Low,0,0,3305
S0,0,1040,Khulna Plong Bridge,N1,C,4.5,Medium-High,0,0,3306
S0,0,1041,Bridge end,N1,Unknown,1.5,Low,0,0,3306
S0,0,1043,Bridge start,N1,C,4.5,Medium-High,0,0,3306
S0,0,1044,Bridge end,N1,A,1.5,Low,0,0,3306
S0,0,1047,Bridge start,N1,A,1.5,Low,0,0,3307
S0,0,1048,Bridge end,N1,C,4.5,Medium-High,0,0,3307
S0,0,1050,Bridge start,N1,C,4.5,Medium-High,0,0,3307
S0,0,1051,Bridge end,N1,Unknown,1.5,Low,0,0,3307
S0,0,1057,Bridge start,N1,Unknown,1.5,Low,0,0,3306
S0,0,1058,Bridge end,N1,Unknown,1.5,Low,0,0,3306
S0,0,1062,Bridge start,N1,Unknown,1.5,Low,0,0,3306
S0,0,1063,Bridge end,N1,Unknown,1.5,Low,0,0,3306
S0,0,1068,Bridge start,N1,C,4.5,Medium-High,0,0,3307
S0,0,1069,Bridge end,N1,Unknown,1.5,Low,0,0,3307
S0,0,1072,Bridge start,N1,A,1.5,Low,0,0,3306
S0,0,1073,Bridge end,N1,A,1.5,Low,0,0,3306
S0,0,1074,Bridge start,N1,A,1.5,Low,0,0,3306
S0,0,1075,Bridge end,N1,Unknown,1.5,Low,0,0,3306
S0,0,1077,Bridge start,N1,A,1.5,Low,0,0,3307
S0,0,1078,Bridge end,N1,A,1.5,Low,0,0,3307
S0,0,1083,Bridge start,N1,C,4.5,Medium-High,0,0,3307
S0,0,1084,Bridge end,N1,Unknown,1.5,Low,0,0,3307
S0,0,1085,Bridge start,N1,A,1.5,Low,0,0,3307
S0,0,1086,Bridge end,N1,Unknown,1.5,Low,0,0,3307
S0,0,1089,Bridge start,N1,D,6.0,Medium-High,0,0,3307
S0,0,1090,Bridge end,N1,Unknown,1.5,Low,0,0,3307
S0,0,1111,Bridge start,N1,Unknown,1.5,Low,0,0,3310
S0,0,1112,Bridge end,N1,C,4.5,Medium-High,0,0,3310
S0,0,1116,Bridge start,N1,A,1.5,Low,0,0,3310
S0,0,1117,Bridge end,N1,B,3.0,Medium-Low,0,0,3310
S0,0,1123,Bridge start,N1,C,4.5,Medium-High,0,0,3310
S0,0,1124,Bridge end,N1,Unknown,1.5,Low,0,0,3310
S0,0,1128,Bridge start,N1,A,1.5,Low,0,0,3311
S0,0,1129,Bridge end,N1,D,6.0,Medium-High,0,0,3311
S0,0,1141,Bridge start,N1,C,4.5,Medium-High,0,0,3312
S0,0,1142,Bridge end,N1,Unknown,1.5,Low,0,0,3312
S0,0,1144,Bridge start,N1,A,1.5,Low,0,0,3312
S0,0,1145,Bridge end,N1,A,1.5,Low,0,0,3312
S0,0,1152,Bridge start,N1,Unknown,1.5,Low,0,0,3311
S0,0,1153,Bridge end,N1,A,1.5,Low,0,0,3311
S0,0,1157,Bridge start,N1,A,1.5,Low,0,0,3311
S0,0,1158,Bridge end,N1,C,4.5,Medium-High,0,0,3311
S0,0,1176,Bridge start,N1,Unknown,1.5,Low,0,0,3312
S0,0,1177,Bridge end,N1,Unknown,1.5,Low,0,0,3312
S0,0,1191,Bridge start,N1,Unknown,1.5,Low,0,0,3312
S0,0,1192,Bridge end,N1,Unknown,1.5,Low,0,0,3312
S0,0,1214,Bridge start,N1,Unknown,1.5,Low,0,0,3313
S0,0,1215,Bridge end,N1,Unknown,1.5,Low,0,0,3313
S0,0,1218,Bridge start,N1,Unknown,1.5,Low,0,0,3313
S0,0,1219,Bridge end,N1,Unknown,1.5,Low,0,0,3313
S0,0,1227,Bridge start,N1,Unknown,1.5,Low,0,0,3314
S0,0,1228,Bridge end,N1,A,1.5,Low,0,0,3314
S0,0,1234,Bridge start,N1,A,1.5,Low,0,0,3315
S0,0,1235,Bridge end,N1,C,4.5,Medium-High,0,0,3315
S0,0,1244,Bridge start,N1,B,3.0,Medium-Low,0,0,3316
S0,0,1245,Bridge end,N1,A,1.5,Low,0,0,3316
S0,0,1250,Bridge start,N1,C,4.5,Medium-High,0,0,3316
S0,0,1251,Bridge end,N1,Unknown,1.5,Low,0,0,3316
S0,0,1255,Bridge start,N1,C,4.5,Medium-High,0,0,3317
S0,0,1256,Bridge end,N1,Unknown,1.5,Low,0,0,3317
S0,0,1258,Bridge start,N1,A,1.5,Low,0,0,3317
S0,0,1259,Bridge end,N1,A,1.5,Low,0,0,3317
S0,0,1268,Bridge start,N1,B,3.0,Medium-Low,0,0,3318
S0,0,1269,Bridge end,N1,Unknown,1.5,Low,0,0,3318
S0,0,1273,Bridge start,N1,Unknown,1.5,Low,0,0,3318
S0,0,1274,Bridge end,N1,Unknown,1.5,Low,0,0,3317
S0,0,1280,Bridge start,N1,Unknown,1.5,Low,0,0,3318
S0,0,1281,Bridge end,N1,Unknown,1.5,Low,0,0,3318
S0,0,1283,Bridge start,N1,A,1.5,Low,0,0,3318
S0,0,1284,Bridge end,N1,Unknown,1.5,Low,0,0,3318
S0,0,1285,Bridge start,N1,Unknown,1.5,Low,0,0,3318
S0,0,1286,Bridge end,N1,Unknown,1.5,Low,0,0,3318
S0,0,1290,Bridge start,N1,Unknown,1.5,Low,0,0,3318
S0,0,1291,Bridge end,N1,Unknown,1.5,Low,0,0,3318
S0,0,1296,Bridge start,N1,A,1.5,Low,0,0,3318
S0,0,1297,Bridge end,N1,A,1.5,Low,0,0,3318
S0,0,1304,Bridge start,N1,Unknown,1.5,Low,0,0,3319
S0,0,1305,Bridge end,N1,Unknown,1.5,Low,0,0,3319
S0,0,1307,Bridge start,N1,Unknown,1.5,Low,0,0,3319
S0,0,1308,Bridge end,N1,Unknown,1.5,Low,0,0,3319
S0,0,1312,Bridge start,N1,Unknown,1.5,Low,0,0,3319
S0,0,1313,Bridge end,N1,Unknown,1.5,Low,0,0,3319
S0,0,1317,Bridge start,N1,Unknown,1.5,Low,0,0,3319
S0,0,1318,Bridge end,N1,Unknown,1.5,Low,0,0,3319
S0,0,1322,Bridge start,N1,A,1.5,Low,0,0,3320
S0,0,1323,Bridge end,N1,A,1.5,Low,0,0,3320
S0,0,1325,Bridge start,N1,Unknown,1.5,Low,0,0,3320
S0,0,1326,Bridge end,N1,Unknown,1.5,Low,0,0,3320
S0,0,1331,Bridge start,N1,Unknown,1.5,Low,0,0,3319
S0,0,1332,Bridge end,N1,Unknown,1.5,Low,0,0,3319
S0,0,1335,Bridge start,N1,Unknown,1.5,Low,0,0,3320
S0,0,1336,Bridge end,N1,Unknown,1.5,Low,0,0,3320
